[{"model": "admissionnews.department", "pk": 1, "fields": {"university": 1, "name": "Computer Science & Engineering"}}, {"model": "admissionnews.department", "pk": 2, "fields": {"university": 1, "name": "Electrical & Electronics Engineering"}}, {"model": "admissionnews.department", "pk": 3, "fields": {"university": 1, "name": "Civil Engineering"}}, {"model": "admissionnews.department", "pk": 4, "fields": {"university": 2, "name": "Computer Science & Engineering"}}, {"model": "admissionnews.department", "pk": 5, "fields": {"university": 2, "name": "Civil Engineering"}}, {"model": "admissionnews.department", "pk": 6, "fields": {"university": 2, "name": "Electrical & Electronics Engineering"}}, {"model": "admissionnews.admissionnews", "pk": 1, "fields": {"title": "SEC Admission Notice 2020", "news": "The notice will be published soon.....", "university": 1, "date_posted": "2019-04-19T10:39:39.043Z", "start_time": "2019-04-20T08:00:00Z", "end_time": "2019-04-20T11:00:00Z"}}, {"model": "admissionnews.admissionnews", "pk": 5, "fields": {"title": "Admission News 2020", "news": "The notice will be published soon....", "university": 2, "date_posted": "2019-04-19T15:45:23.944Z", "start_time": "2019-04-20T03:00:00Z", "end_time": "2019-04-20T06:00:00Z"}}, {"model": "modeltest.question", "pk": 1, "fields": {"quiz": 1, "text": "2+2 = ?"}}, {"model": "modeltest.question", "pk": 2, "fields": {"quiz": 1, "text": "what is the value of pi ?"}}, {"model": "modeltest.question", "pk": 3, "fields": {"quiz": 1, "text": "What is capital of Bangladesh?"}}, {"model": "modeltest.question", "pk": 12, "fields": {"quiz": 3, "text": "This is upcoming test."}}, {"model": "modeltest.question", "pk": 15, "fields": {"quiz": 8, "text": "This is a question?"}}, {"model": "modeltest.question", "pk": 16, "fields": {"quiz": 9, "text": "What is value of g?"}}, {"model": "modeltest.question", "pk": 18, "fields": {"quiz": 11, "text": "\u09ac\u09be\u0982\u09b2\u09be\u09a6\u09c7\u09b6\u09c7\u09b0 \u099c\u09be\u09a4\u09c0\u09df \u0997\u09be\u099b \u0995\u09bf?"}}, {"model": "modeltest.question", "pk": 19, "fields": {"quiz": 11, "text": "This is test question. correct b"}}, {"model": "modeltest.answer", "pk": 1, "fields": {"question": 1, "text": "3", "is_correct": false}}, {"model": "modeltest.answer", "pk": 2, "fields": {"question": 1, "text": "7", "is_correct": false}}, {"model": "modeltest.answer", "pk": 3, "fields": {"question": 1, "text": "4", "is_correct": true}}, {"model": "modeltest.answer", "pk": 4, "fields": {"question": 1, "text": "8", "is_correct": false}}, {"model": "modeltest.answer", "pk": 5, "fields": {"question": 2, "text": "22/7", "is_correct": true}}, {"model": "modeltest.answer", "pk": 6, "fields": {"question": 2, "text": "3.1392", "is_correct": false}}, {"model": "modeltest.answer", "pk": 7, "fields": {"question": 2, "text": "4", "is_correct": false}}, {"model": "modeltest.answer", "pk": 8, "fields": {"question": 2, "text": "None", "is_correct": false}}, {"model": "modeltest.answer", "pk": 9, "fields": {"question": 3, "text": "Khulna", "is_correct": false}}, {"model": "modeltest.answer", "pk": 10, "fields": {"question": 3, "text": "Sylhet", "is_correct": false}}, {"model": "modeltest.answer", "pk": 11, "fields": {"question": 3, "text": "Dhaka", "is_correct": true}}, {"model": "modeltest.answer", "pk": 12, "fields": {"question": 3, "text": "Barishal", "is_correct": false}}, {"model": "modeltest.answer", "pk": 25, "fields": {"question": 12, "text": "a", "is_correct": true}}, {"model": "modeltest.answer", "pk": 26, "fields": {"question": 12, "text": "b", "is_correct": false}}, {"model": "modeltest.answer", "pk": 27, "fields": {"question": 12, "text": "c", "is_correct": false}}, {"model": "modeltest.answer", "pk": 28, "fields": {"question": 12, "text": "d", "is_correct": false}}, {"model": "modeltest.answer", "pk": 33, "fields": {"question": 15, "text": "a", "is_correct": true}}, {"model": "modeltest.answer", "pk": 34, "fields": {"question": 15, "text": "b", "is_correct": false}}, {"model": "modeltest.answer", "pk": 35, "fields": {"question": 15, "text": "c", "is_correct": false}}, {"model": "modeltest.answer", "pk": 36, "fields": {"question": 15, "text": "d", "is_correct": false}}, {"model": "modeltest.answer", "pk": 37, "fields": {"question": 16, "text": "9.67", "is_correct": false}}, {"model": "modeltest.answer", "pk": 38, "fields": {"question": 16, "text": "9.81", "is_correct": true}}, {"model": "modeltest.answer", "pk": 39, "fields": {"question": 16, "text": "9.78", "is_correct": false}}, {"model": "modeltest.answer", "pk": 40, "fields": {"question": 16, "text": "9.0", "is_correct": false}}, {"model": "modeltest.answer", "pk": 45, "fields": {"question": 18, "text": "\u0995\u09be\u0981\u09a0\u09be\u09b2", "is_correct": false}}, {"model": "modeltest.answer", "pk": 46, "fields": {"question": 18, "text": "\u0986\u09ae", "is_correct": true}}, {"model": "modeltest.answer", "pk": 47, "fields": {"question": 18, "text": "\u09b2\u09bf\u099a\u09c1", "is_correct": false}}, {"model": "modeltest.answer", "pk": 48, "fields": {"question": 18, "text": "\u0995\u09b2\u09be", "is_correct": false}}, {"model": "modeltest.answer", "pk": 49, "fields": {"question": 19, "text": "a", "is_correct": false}}, {"model": "modeltest.answer", "pk": 50, "fields": {"question": 19, "text": "b", "is_correct": true}}, {"model": "modeltest.answer", "pk": 51, "fields": {"question": 19, "text": "c", "is_correct": false}}, {"model": "modeltest.answer", "pk": 52, "fields": {"question": 19, "text": "d", "is_correct": false}}, {"model": "modeltest.takenquiz", "pk": 1, "fields": {"quiz": 1, "user": 2, "score": 5}}, {"model": "modeltest.takenquiz", "pk": 2, "fields": {"quiz": 1, "user": 3, "score": 3}}, {"model": "modeltest.takenquiz", "pk": 3, "fields": {"quiz": 9, "user": 5, "score": 1}}, {"model": "modeltest.takenquiz", "pk": 4, "fields": {"quiz": 11, "user": 3, "score": 2}}, {"model": "modeltest.studentanswer", "pk": 1, "fields": {"student": 2, "answer": 3}}, {"model": "modeltest.studentanswer", "pk": 4, "fields": {"student": 2, "answer": 11}}, {"model": "modeltest.studentanswer", "pk": 5, "fields": {"student": 2, "answer": 5}}, {"model": "modeltest.studentanswer", "pk": 6, "fields": {"student": 3, "answer": 3}}, {"model": "modeltest.studentanswer", "pk": 7, "fields": {"student": 3, "answer": 11}}, {"model": "modeltest.studentanswer", "pk": 8, "fields": {"student": 3, "answer": 5}}, {"model": "modeltest.studentanswer", "pk": 9, "fields": {"student": 5, "answer": 38}}, {"model": "modeltest.studentanswer", "pk": 10, "fields": {"student": 3, "answer": 50}}, {"model": "modeltest.studentanswer", "pk": 11, "fields": {"student": 3, "answer": 46}}, {"model": "eventcalendar.event", "pk": 14, "fields": {"title": "Admission News 2020", "description": "The notice will be published soon....", "start_time": "2015-04-20T04:00:00Z", "end_time": "2015-04-20T06:00:00Z", "admissionnews": 5}}, {"model": "eventcalendar.event", "pk": 15, "fields": {"title": "SEC Admission Notice 2020", "description": "The notice will be published soon.....", "start_time": "2015-04-20T08:00:00Z", "end_time": "2015-04-20T11:00:00Z", "admissionnews": 1}}, {"model": "eventcalendar.event", "pk": 16, "fields": {"title": "Admission News 2020", "description": "The notice will be published soon....", "start_time": "2019-04-20T03:00:00Z", "end_time": "2019-04-20T06:00:00Z", "admissionnews": 5}}, {"model": "eventcalendar.event", "pk": 17, "fields": {"title": "SEC Admission Notice 2020", "description": "The notice will be published soon.....", "start_time": "2019-04-20T08:00:00Z", "end_time": "2019-04-20T11:00:00Z", "admissionnews": 1}}, {"model": "contenttypes.contenttype", "pk": 1, "fields": {"app_label": "admissionnews", "model": "admissionnews"}}, {"model": "contenttypes.contenttype", "pk": 2, "fields": {"app_label": "admissionnews", "model": "university"}}, {"model": "contenttypes.contenttype", "pk": 3, "fields": {"app_label": "admissionnews", "model": "department"}}, {"model": "contenttypes.contenttype", "pk": 4, "fields": {"app_label": "admissionnews", "model": "comment"}}, {"model": "contenttypes.contenttype", "pk": 5, "fields": {"app_label": "modeltest", "model": "answer"}}, {"model": "contenttypes.contenttype", "pk": 6, "fields": {"app_label": "modeltest", "model": "quiz"}}, {"model": "contenttypes.contenttype", "pk": 7, "fields": {"app_label": "modeltest", "model": "student"}}, {"model": "contenttypes.contenttype", "pk": 8, "fields": {"app_label": "modeltest", "model": "takenquiz"}}, {"model": "contenttypes.contenttype", "pk": 9, "fields": {"app_label": "modeltest", "model": "studentanswer"}}, {"model": "contenttypes.contenttype", "pk": 10, "fields": {"app_label": "modeltest", "model": "question"}}, {"model": "contenttypes.contenttype", "pk": 11, "fields": {"app_label": "users", "model": "profile"}}, {"model": "contenttypes.contenttype", "pk": 12, "fields": {"app_label": "eventcalendar", "model": "event"}}, {"model": "contenttypes.contenttype", "pk": 13, "fields": {"app_label": "admin", "model": "logentry"}}, {"model": "contenttypes.contenttype", "pk": 14, "fields": {"app_label": "auth", "model": "permission"}}, {"model": "contenttypes.contenttype", "pk": 15, "fields": {"app_label": "auth", "model": "group"}}, {"model": "contenttypes.contenttype", "pk": 16, "fields": {"app_label": "auth", "model": "user"}}, {"model": "contenttypes.contenttype", "pk": 17, "fields": {"app_label": "contenttypes", "model": "contenttype"}}, {"model": "contenttypes.contenttype", "pk": 18, "fields": {"app_label": "sessions", "model": "session"}}, {"model": "auth.permission", "pk": 1, "fields": {"name": "Can add admission news", "content_type": 1, "codename": "add_admissionnews"}}, {"model": "auth.permission", "pk": 2, "fields": {"name": "Can change admission news", "content_type": 1, "codename": "change_admissionnews"}}, {"model": "auth.permission", "pk": 3, "fields": {"name": "Can delete admission news", "content_type": 1, "codename": "delete_admissionnews"}}, {"model": "auth.permission", "pk": 4, "fields": {"name": "Can view admission news", "content_type": 1, "codename": "view_admissionnews"}}, {"model": "auth.permission", "pk": 5, "fields": {"name": "Can add university", "content_type": 2, "codename": "add_university"}}, {"model": "auth.permission", "pk": 6, "fields": {"name": "Can change university", "content_type": 2, "codename": "change_university"}}, {"model": "auth.permission", "pk": 7, "fields": {"name": "Can delete university", "content_type": 2, "codename": "delete_university"}}, {"model": "auth.permission", "pk": 8, "fields": {"name": "Can view university", "content_type": 2, "codename": "view_university"}}, {"model": "auth.permission", "pk": 9, "fields": {"name": "Can add department", "content_type": 3, "codename": "add_department"}}, {"model": "auth.permission", "pk": 10, "fields": {"name": "Can change department", "content_type": 3, "codename": "change_department"}}, {"model": "auth.permission", "pk": 11, "fields": {"name": "Can delete department", "content_type": 3, "codename": "delete_department"}}, {"model": "auth.permission", "pk": 12, "fields": {"name": "Can view department", "content_type": 3, "codename": "view_department"}}, {"model": "auth.permission", "pk": 13, "fields": {"name": "Can add comment", "content_type": 4, "codename": "add_comment"}}, {"model": "auth.permission", "pk": 14, "fields": {"name": "Can change comment", "content_type": 4, "codename": "change_comment"}}, {"model": "auth.permission", "pk": 15, "fields": {"name": "Can delete comment", "content_type": 4, "codename": "delete_comment"}}, {"model": "auth.permission", "pk": 16, "fields": {"name": "Can view comment", "content_type": 4, "codename": "view_comment"}}, {"model": "auth.permission", "pk": 17, "fields": {"name": "Can add answer", "content_type": 5, "codename": "add_answer"}}, {"model": "auth.permission", "pk": 18, "fields": {"name": "Can change answer", "content_type": 5, "codename": "change_answer"}}, {"model": "auth.permission", "pk": 19, "fields": {"name": "Can delete answer", "content_type": 5, "codename": "delete_answer"}}, {"model": "auth.permission", "pk": 20, "fields": {"name": "Can view answer", "content_type": 5, "codename": "view_answer"}}, {"model": "auth.permission", "pk": 21, "fields": {"name": "Can add quiz", "content_type": 6, "codename": "add_quiz"}}, {"model": "auth.permission", "pk": 22, "fields": {"name": "Can change quiz", "content_type": 6, "codename": "change_quiz"}}, {"model": "auth.permission", "pk": 23, "fields": {"name": "Can delete quiz", "content_type": 6, "codename": "delete_quiz"}}, {"model": "auth.permission", "pk": 24, "fields": {"name": "Can view quiz", "content_type": 6, "codename": "view_quiz"}}, {"model": "auth.permission", "pk": 25, "fields": {"name": "Can add student", "content_type": 7, "codename": "add_student"}}, {"model": "auth.permission", "pk": 26, "fields": {"name": "Can change student", "content_type": 7, "codename": "change_student"}}, {"model": "auth.permission", "pk": 27, "fields": {"name": "Can delete student", "content_type": 7, "codename": "delete_student"}}, {"model": "auth.permission", "pk": 28, "fields": {"name": "Can view student", "content_type": 7, "codename": "view_student"}}, {"model": "auth.permission", "pk": 29, "fields": {"name": "Can add taken quiz", "content_type": 8, "codename": "add_takenquiz"}}, {"model": "auth.permission", "pk": 30, "fields": {"name": "Can change taken quiz", "content_type": 8, "codename": "change_takenquiz"}}, {"model": "auth.permission", "pk": 31, "fields": {"name": "Can delete taken quiz", "content_type": 8, "codename": "delete_takenquiz"}}, {"model": "auth.permission", "pk": 32, "fields": {"name": "Can view taken quiz", "content_type": 8, "codename": "view_takenquiz"}}, {"model": "auth.permission", "pk": 33, "fields": {"name": "Can add student answer", "content_type": 9, "codename": "add_studentanswer"}}, {"model": "auth.permission", "pk": 34, "fields": {"name": "Can change student answer", "content_type": 9, "codename": "change_studentanswer"}}, {"model": "auth.permission", "pk": 35, "fields": {"name": "Can delete student answer", "content_type": 9, "codename": "delete_studentanswer"}}, {"model": "auth.permission", "pk": 36, "fields": {"name": "Can view student answer", "content_type": 9, "codename": "view_studentanswer"}}, {"model": "auth.permission", "pk": 37, "fields": {"name": "Can add question", "content_type": 10, "codename": "add_question"}}, {"model": "auth.permission", "pk": 38, "fields": {"name": "Can change question", "content_type": 10, "codename": "change_question"}}, {"model": "auth.permission", "pk": 39, "fields": {"name": "Can delete question", "content_type": 10, "codename": "delete_question"}}, {"model": "auth.permission", "pk": 40, "fields": {"name": "Can view question", "content_type": 10, "codename": "view_question"}}, {"model": "auth.permission", "pk": 41, "fields": {"name": "Can add profile", "content_type": 11, "codename": "add_profile"}}, {"model": "auth.permission", "pk": 42, "fields": {"name": "Can change profile", "content_type": 11, "codename": "change_profile"}}, {"model": "auth.permission", "pk": 43, "fields": {"name": "Can delete profile", "content_type": 11, "codename": "delete_profile"}}, {"model": "auth.permission", "pk": 44, "fields": {"name": "Can view profile", "content_type": 11, "codename": "view_profile"}}, {"model": "auth.permission", "pk": 45, "fields": {"name": "Can add event", "content_type": 12, "codename": "add_event"}}, {"model": "auth.permission", "pk": 46, "fields": {"name": "Can change event", "content_type": 12, "codename": "change_event"}}, {"model": "auth.permission", "pk": 47, "fields": {"name": "Can delete event", "content_type": 12, "codename": "delete_event"}}, {"model": "auth.permission", "pk": 48, "fields": {"name": "Can view event", "content_type": 12, "codename": "view_event"}}, {"model": "auth.permission", "pk": 49, "fields": {"name": "Can add log entry", "content_type": 13, "codename": "add_logentry"}}, {"model": "auth.permission", "pk": 50, "fields": {"name": "Can change log entry", "content_type": 13, "codename": "change_logentry"}}, {"model": "auth.permission", "pk": 51, "fields": {"name": "Can delete log entry", "content_type": 13, "codename": "delete_logentry"}}, {"model": "auth.permission", "pk": 52, "fields": {"name": "Can view log entry", "content_type": 13, "codename": "view_logentry"}}, {"model": "auth.permission", "pk": 53, "fields": {"name": "Can add permission", "content_type": 14, "codename": "add_permission"}}, {"model": "auth.permission", "pk": 54, "fields": {"name": "Can change permission", "content_type": 14, "codename": "change_permission"}}, {"model": "auth.permission", "pk": 55, "fields": {"name": "Can delete permission", "content_type": 14, "codename": "delete_permission"}}, {"model": "auth.permission", "pk": 56, "fields": {"name": "Can view permission", "content_type": 14, "codename": "view_permission"}}, {"model": "auth.permission", "pk": 57, "fields": {"name": "Can add group", "content_type": 15, "codename": "add_group"}}, {"model": "auth.permission", "pk": 58, "fields": {"name": "Can change group", "content_type": 15, "codename": "change_group"}}, {"model": "auth.permission", "pk": 59, "fields": {"name": "Can delete group", "content_type": 15, "codename": "delete_group"}}, {"model": "auth.permission", "pk": 60, "fields": {"name": "Can view group", "content_type": 15, "codename": "view_group"}}, {"model": "auth.permission", "pk": 61, "fields": {"name": "Can add user", "content_type": 16, "codename": "add_user"}}, {"model": "auth.permission", "pk": 62, "fields": {"name": "Can change user", "content_type": 16, "codename": "change_user"}}, {"model": "auth.permission", "pk": 63, "fields": {"name": "Can delete user", "content_type": 16, "codename": "delete_user"}}, {"model": "auth.permission", "pk": 64, "fields": {"name": "Can view user", "content_type": 16, "codename": "view_user"}}, {"model": "auth.permission", "pk": 65, "fields": {"name": "Can add content type", "content_type": 17, "codename": "add_contenttype"}}, {"model": "auth.permission", "pk": 66, "fields": {"name": "Can change content type", "content_type": 17, "codename": "change_contenttype"}}, {"model": "auth.permission", "pk": 67, "fields": {"name": "Can delete content type", "content_type": 17, "codename": "delete_contenttype"}}, {"model": "auth.permission", "pk": 68, "fields": {"name": "Can view content type", "content_type": 17, "codename": "view_contenttype"}}, {"model": "auth.permission", "pk": 69, "fields": {"name": "Can add session", "content_type": 18, "codename": "add_session"}}, {"model": "auth.permission", "pk": 70, "fields": {"name": "Can change session", "content_type": 18, "codename": "change_session"}}, {"model": "auth.permission", "pk": 71, "fields": {"name": "Can delete session", "content_type": 18, "codename": "delete_session"}}, {"model": "auth.permission", "pk": 72, "fields": {"name": "Can view session", "content_type": 18, "codename": "view_session"}}, {"model": "auth.user", "pk": 1, "fields": {"password": "pbkdf2_sha256$150000$qpcynTQWNKDE$nrqvhgC9A8hmg3reC+QOK6Hq3JVewtgPYK+45Ibuo4I=", "last_login": "2019-04-20T00:37:16.405Z", "is_superuser": true, "username": "admin", "first_name": "", "last_name": "", "email": "admin@demo.com", "is_staff": true, "is_active": true, "date_joined": "2019-04-19T10:33:21.622Z", "groups": [], "user_permissions": []}}, {"model": "auth.user", "pk": 2, "fields": {"password": "pbkdf2_sha256$150000$sJ6OX8d8aF9e$mUvoSgrnhE0QyQE6Q+o6TZQR2XMb1JNfu+N5ElTKxmU=", "last_login": "2019-04-20T00:41:04.641Z", "is_superuser": false, "username": "abir", "first_name": "", "last_name": "", "email": "abrhsn1998@gmail.com", "is_staff": true, "is_active": true, "date_joined": "2019-04-19T10:56:56Z", "groups": [], "user_permissions": []}}, {"model": "auth.user", "pk": 3, "fields": {"password": "pbkdf2_sha256$150000$1hC8C0L4BUoU$ErXj7HPHu04tj8LSjzEsS6lNA1KpfdaTGEvO9tsUZE4=", "last_login": "2019-04-20T00:40:41.782Z", "is_superuser": false, "username": "abrhsnmbn", "first_name": "", "last_name": "", "email": "abrhsnmbn@demo.com", "is_staff": false, "is_active": true, "date_joined": "2019-04-19T11:14:14.624Z", "groups": [], "user_permissions": []}}, {"model": "auth.user", "pk": 4, "fields": {"password": "pbkdf2_sha256$150000$JwEuucQcR3XP$LiUuIzMCz5x6F0ev8zUNJy9Nbs3OVMI+M6Uhd2uCD/4=", "last_login": "2019-04-19T11:23:25.390Z", "is_superuser": false, "username": "rony", "first_name": "", "last_name": "", "email": "rony@demo.com", "is_staff": false, "is_active": true, "date_joined": "2019-04-19T11:23:19.480Z", "groups": [], "user_permissions": []}}, {"model": "auth.user", "pk": 5, "fields": {"password": "pbkdf2_sha256$150000$KJ7ckO1SuW2j$HXNm4ESMINl1vSeocgXUn1uw2aQClKB6NfVzbUdpCDo=", "last_login": "2019-04-19T15:47:27.732Z", "is_superuser": false, "username": "aman", "first_name": "", "last_name": "", "email": "aman@demo.com", "is_staff": false, "is_active": true, "date_joined": "2019-04-19T11:40:13.416Z", "groups": [], "user_permissions": []}}, {"model": "admin.logentry", "pk": 1, "fields": {"action_time": "2019-04-19T11:24:06.970Z", "user": 1, "content_type": 16, "object_id": "2", "object_repr": "abir", "action_flag": 2, "change_message": "[{\"changed\": {\"fields\": [\"is_staff\"]}}]"}}, {"model": "admin.logentry", "pk": 2, "fields": {"action_time": "2019-04-19T14:37:57.027Z", "user": 1, "content_type": 12, "object_id": "4", "object_repr": "Event object (4)", "action_flag": 3, "change_message": ""}}, {"model": "admin.logentry", "pk": 3, "fields": {"action_time": "2019-04-19T14:37:57.319Z", "user": 1, "content_type": 12, "object_id": "3", "object_repr": "Event object (3)", "action_flag": 3, "change_message": ""}}, {"model": "admin.logentry", "pk": 4, "fields": {"action_time": "2019-04-19T14:37:57.518Z", "user": 1, "content_type": 12, "object_id": "2", "object_repr": "Event object (2)", "action_flag": 3, "change_message": ""}}, {"model": "admin.logentry", "pk": 5, "fields": {"action_time": "2019-04-19T14:37:57.671Z", "user": 1, "content_type": 12, "object_id": "1", "object_repr": "Event object (1)", "action_flag": 3, "change_message": ""}}, {"model": "admin.logentry", "pk": 6, "fields": {"action_time": "2019-04-20T00:08:46.160Z", "user": 1, "content_type": 12, "object_id": "4", "object_repr": "Event object (4)", "action_flag": 3, "change_message": ""}}, {"model": "admin.logentry", "pk": 7, "fields": {"action_time": "2019-04-20T00:08:46.321Z", "user": 1, "content_type": 12, "object_id": "3", "object_repr": "Event object (3)", "action_flag": 3, "change_message": ""}}, {"model": "admin.logentry", "pk": 8, "fields": {"action_time": "2019-04-20T00:08:46.477Z", "user": 1, "content_type": 12, "object_id": "2", "object_repr": "Event object (2)", "action_flag": 3, "change_message": ""}}, {"model": "admin.logentry", "pk": 9, "fields": {"action_time": "2019-04-20T00:08:46.713Z", "user": 1, "content_type": 12, "object_id": "1", "object_repr": "Event object (1)", "action_flag": 3, "change_message": ""}}, {"model": "admin.logentry", "pk": 10, "fields": {"action_time": "2019-04-20T00:23:08.870Z", "user": 1, "content_type": 12, "object_id": "13", "object_repr": "Event object (13)", "action_flag": 3, "change_message": ""}}, {"model": "admin.logentry", "pk": 11, "fields": {"action_time": "2019-04-20T00:23:09.112Z", "user": 1, "content_type": 12, "object_id": "12", "object_repr": "Event object (12)", "action_flag": 3, "change_message": ""}}, {"model": "admin.logentry", "pk": 12, "fields": {"action_time": "2019-04-20T00:23:09.255Z", "user": 1, "content_type": 12, "object_id": "11", "object_repr": "Event object (11)", "action_flag": 3, "change_message": ""}}, {"model": "admin.logentry", "pk": 13, "fields": {"action_time": "2019-04-20T00:23:09.568Z", "user": 1, "content_type": 12, "object_id": "10", "object_repr": "Event object (10)", "action_flag": 3, "change_message": ""}}, {"model": "users.profile", "pk": 1, "fields": {"user": 1, "image": "default.jpg"}}, {"model": "users.profile", "pk": 2, "fields": {"user": 2, "image": "default.jpg"}}, {"model": "users.profile", "pk": 3, "fields": {"user": 3, "image": "default.jpg"}}, {"model": "users.profile", "pk": 4, "fields": {"user": 4, "image": "default.jpg"}}, {"model": "users.profile", "pk": 5, "fields": {"user": 5, "image": "profile_pics/2.jpg"}}, {"model": "modeltest.student", "pk": 1, "fields": {}}, {"model": "modeltest.student", "pk": 2, "fields": {}}, {"model": "modeltest.student", "pk": 3, "fields": {}}, {"model": "modeltest.student", "pk": 4, "fields": {}}, {"model": "modeltest.student", "pk": 5, "fields": {}}, {"model": "modeltest.quiz", "pk": 1, "fields": {"user": 1, "title": "Test01", "description": "This is a mock test....", "date": "2019-04-19", "start_time": "16:45:00", "end_time": "21:00:00"}}, {"model": "modeltest.quiz", "pk": 3, "fields": {"user": 1, "title": "Test03", "description": "Upcoming test.....!", "date": "2019-04-20", "start_time": "15:01:00", "end_time": "16:00:00"}}, {"model": "modeltest.quiz", "pk": 8, "fields": {"user": 1, "title": "Test02", "description": "This is completed test", "date": "2019-04-11", "start_time": "10:10:00", "end_time": "22:10:00"}}, {"model": "modeltest.quiz", "pk": 9, "fields": {"user": 1, "title": "Test04", "description": "Based on Physics", "date": "2019-04-19", "start_time": "21:30:00", "end_time": "23:00:00"}}, {"model": "modeltest.quiz", "pk": 11, "fields": {"user": 1, "title": "Check", "description": "Checking", "date": "2019-04-20", "start_time": "06:40:00", "end_time": "12:00:00"}}, {"model": "admissionnews.university", "pk": 1, "fields": {"name": "Sylhet Engineering College", "website": "http://sec.ac.bd", "content": "Sylhet Engineering College is a public undergraduate College, established in 2007. It is affiliated with the \"Shahjalal University of Science and Technology\". \"Sylhet Engineering College commonly known as SEC is a public Engineering College in Bangladesh, which focuses on the study of engineering.", "university_type": "Engineering College", "logo": "uni_logo/logo.png", "user": 1}}, {"model": "admissionnews.university", "pk": 2, "fields": {"name": "Shahjalal University of Science & Technology", "website": "https://www.sust.edu", "content": "Shahjalal University of Science and Technology also known as SUST is a state supported, public research university located in Sylhet, Bangladesh. It is the 8th oldest university of the country and the first university to adopt American credit system.", "university_type": "Public", "logo": "uni_logo/08d5f9f1e56c9ace4cd13e506b7a22fc-SUST-Logo.jpg", "user": 1}}]